{
    "cam0001": {
        "cam_pos": [
            264.69003508409224,
            433.8765375720219,
            9.402563601881353
        ],
        "cam_up_vec": [
            -0.1569613097903293,
            -0.05873285976783768,
            -0.9858567839257364
        ]
    },
    "cam0002": {
        "cam_pos": [
            -337.612427553395,
            88.87261035058481,
            -74.51374399691608
        ],
        "cam_up_vec": [
            -0.30646957403143416,
            -0.5246372367435357,
            0.7942494381585037
        ]
    },
    "cam0003": {
        "cam_pos": [
            414.9074502696748,
            -7.574236720350204,
            819.0709675960505
        ],
        "cam_up_vec": [
            0.17852644424755726,
            0.9386567125489412,
            0.29504556375437724
        ]
    }
}